[{"eiin":100116,"name":"UTTAR SONAKHALI SCHOOL & COLLEGE","institutionType":"college"},{"eiin":100299,"name":"BETAGI  GIRLS  HIGHER   SECONDARY  SCHOOL","institutionType":"college"},{"eiin":100256,"name":"BIBICHINI NIAMITO UNITED HIGH SCHOOL AND COLLEGE","institutionType":"college"},{"eiin":132095,"name":"NOORJAHAN IDEAL SCHOOL & AGRICULTURE COLLEGE","institutionType":"college"},{"eiin":100384,"name":"ADARSHA HIGH SCHOOL AND COLLAGE,MOHONKATHI","institutionType":"college"},{"eiin":100386,"name":"BAGDHA  SECONDARY  SCHOOL  &  COLLEGE","institutionType":"college"},{"eiin":100387,"name":"BAHADURPUR NISHIKANTA GAIN GIRL'S SCHOOL & COLLEGE","institutionType":"college"},{"eiin":100362,"name":"CHHOYGRAM SECONDARY SCHOOL AND COLLEGE","institutionType":"college"},{"eiin":100443,"name":"BARISAL CADET COLLEGE","institutionType":"college"},{"eiin":100446,"name":"CHANDPASHA HIGH SCHOOL AND COLLEGE","institutionType":"college"},{"eiin":100445,"name":"Kaderpur Sonarbangla Higher Secondary School, Babuganj, Barisal","institutionType":"college"},{"eiin":100444,"name":"MADDHABPASHA CHANDRADIP HIGH SCHOOL AND COLLEGE","institutionType":"college"},{"eiin":100600,"name":"BADALPARA HIGH SCHOOL AND COLLEGE","institutionType":"college"},{"eiin":100661,"name":"MASJID BARI SECONDARY SCHOOL AND COLLEGE","institutionType":"college"},{"eiin":132091,"name":"BARISAL MODEL SCHOOL AND COLLEGE","institutionType":"college"},{"eiin":100751,"name":"JAGADISH SARASWAT GIRLS SCHOOL AND COLLEGE","institutionType":"college"},{"eiin":100882,"name":"KARNOKATHI G.R. HIGH SCHOOL & COLLEGE","institutionType":"college"},{"eiin":100812,"name":"KASHIPUR  GIRLS HIGH SCHOOL & COLLEGE","institutionType":"college"},{"eiin":100880,"name":"KASHIPUR  HIGH  SCHOOL  & COLLEGE","institutionType":"college"},{"eiin":100881,"name":"TALUKDER  HAT SCHOOL &  COLLEGE","institutionType":"college"},{"eiin":100707,"name":"GOURNADI GIRLS SCHOOL AND COLLEGE","institutionType":"college"},{"eiin":101214,"name":"ALINAGAR HIGH SCHOOL & COLLEGE","institutionType":"college"},{"eiin":101215,"name":"CHAR ZANGALIA  SCHOOL & COLLEGE","institutionType":"college"},{"eiin":101212,"name":"HALIMA KHATUN GIRLS SCHOOL & COLLEGE","institutionType":"college"},{"eiin":101213,"name":"SHAHID ZIA ADARSHA GIRLS HIGH SCHOOL","institutionType":"college"},{"eiin":101576,"name":"DR: AZAHAR UDDIN SCHOOL AND COLLEGE","institutionType":"college"},{"eiin":101714,"name":"SHIRJUG AZIMUNNESSA GIRLS  SCHOOL & COLLEGE","institutionType":"college"},{"eiin":101672,"name":"SYEDA JAMILA KHATUN GIRLS HIGH SCHOOL & COLLEGE","institutionType":"college"},{"eiin":101788,"name":"PASCHIM  CHHITKI SECOUNDERY  SCHOOL & COLLEGE","institutionType":"college"},{"eiin":101989,"name":"DHULIA HIGHER SECONDARY SCHOOL","institutionType":"college"},{"eiin":101986,"name":"KANAKDIA SIR SALIMULLAH SCHOOL AND COLLEGE","institutionType":"college"},{"eiin":102130,"name":"BEGUM AREFATUNNESSA GIRLS SCHOOL AND COLLEGE","institutionType":"college"},{"eiin":102337,"name":"ULANIA HAT HIGH SCHOLL AND COLLEGE","institutionType":"college"},{"eiin":102602,"name":"BOTOL BUNIA SCHOOL & COLLEGE","institutionType":"college"},{"eiin":102686,"name":"SINGH KHALI secondary SCHOOL & COLLEGE","institutionType":"college"},{"eiin":102894,"name":"GAOKHALI SECONDARY SCHOOL AND COLLEGE","institutionType":"college"},{"eiin":102861,"name":"TRIGRAM SAMMILANI SECONDARY SCHOOL AND COLLEGE","institutionType":"college"},{"eiin":103040,"name":"ARAMKATI HAZI IBRAHIM HIGH SCHOOL AND COLLEGE","institutionType":"college"},{"eiin":103013,"name":"EAST JALA BARI ADARSHA HIGHER SECONDARY  SCHOOL AND COLLEGE","institutionType":"college"},{"eiin":103023,"name":"SEHANGAL SECONDARY SCHOOL AND COLLEGE","institutionType":"college"},{"eiin":102960,"name":"PARERHAT R.L SECONDARY SCHOOL AND COLLEGE","institutionType":"college"},{"eiin":133211,"name":"BANDARBAN CANTT PUBLIC SCHOOL AND COLLEGE","institutionType":"college"},{"eiin":103152,"name":"AKHAURA NASRIN NABI PILOT  GIRLS HIGH SCHOOL & COLLEGE","institutionType":"college"},{"eiin":103170,"name":"CHHATURA CHANDPUR SCHOOL AND COLLEGE","institutionType":"college"},{"eiin":103312,"name":"ASHUGANJ  SARKARKHANA  SCHOOL & COLLEGE","institutionType":"college"},{"eiin":103299,"name":"BANGLADESH GAS FIELDS SCHOOL & COLLEGE","institutionType":"college"},{"eiin":103302,"name":"CHAMPK NAGAR SCHOOL AND COLLEGE","institutionType":"college"},{"eiin":130883,"name":"IDEAL RESIDENTIAL SCHOOL AND COLLEGE,B.BARIA","institutionType":"college"},{"eiin":130899,"name":"LION FEROZUR RAHMAN RESIDENTIAL ACADEMY SCHOOL AND COLLEGE","institutionType":"college"},{"eiin":103574,"name":"AL AMIN ACADEMY SCHOOL & COLLEGE","institutionType":"college"},{"eiin":103573,"name":"BABUR HAT HIGH SCHOOL & COLLEGE","institutionType":"college"},{"eiin":103510,"name":"KAMRANGA HIGH SCHOOL & COLLEGE","institutionType":"college"},{"eiin":103575,"name":"KHERUDIA DELWAR HOSSAIN HIGH SCHOOL & COLLEGE","institutionType":"college"},{"eiin":103586,"name":"CHANDRA IMAM ALI HIGH SCHOOL AND COLLEGE","institutionType":"college"},{"eiin":103678,"name":"CHIRKA CHANDPURBM HIGH SCHOOL & COLLEGE","institutionType":"college"},{"eiin":103677,"name":"LAUTALI DR RASHID AHMED HIGH SCHOOL & COOLEGE","institutionType":"college"},{"eiin":103704,"name":"BALAKHAL J N HIGH SCHOOL & TECHNICLA COLLEGE","institutionType":"college"},{"eiin":103760,"name":"HAJIGONJ MODEL PILOT HIGH SCHOOL AND COLLEGE","institutionType":"college"},{"eiin":103839,"name":"ASHAQ ALI KHAN HIGH SCHOOL AND COLLEGE","institutionType":"college"},{"eiin":103789,"name":"CHANDPUR M A KHALEQUE MEMORIAL SCHOOL AND COLLEGE","institutionType":"college"},{"eiin":103942,"name":"KALIPUR HIGH SCHOOL AND COLLEGE","institutionType":"college"},{"eiin":103943,"name":"LUDHIA HIGH SCHOOL & COLLEGE","institutionType":"college"},{"eiin":103944,"name":"NISCHINTAPUR HIGH SCHOOL&COLLEGE","institutionType":"college"},{"eiin":104487,"name":"CHITTAGONG UREA FERTILIZER SCHOOL AND COLLEGE","institutionType":"college"},{"eiin":132146,"name":"KAFCO SCHOOL AND COLLEGE","institutionType":"college"},{"eiin":104470,"name":"MARINE ACADEMY HIGH SCHOOL AND COLLEGE","institutionType":"college"},{"eiin":131898,"name":"DILWARA JAHAN MEMORIAL SCHOOL AND COLLEGE","institutionType":"college"},{"eiin":134444,"name":"KARNAPHULI PUBLIC SCHOOL AND COLLEGE","institutionType":"college"},{"eiin":104105,"name":"MERN SUN SCHOOL AND COLLEGE","institutionType":"college"},{"eiin":104042,"name":"SERMON   SCHOOL AND COLLEGE","institutionType":"college"},{"eiin":104204,"name":"BEGUM GUL CHEMON ARA ACADEMY SCHOOL & COLLEGE","institutionType":"college"},{"eiin":104486,"name":"AYUB BIBI CITY CORP.SCHOOL & COLLEGE","institutionType":"college"},{"eiin":134147,"name":"CDA PUBLIC SCHOOL & COLLEGE","institutionType":"college"},{"eiin":104263,"name":"BEPZA  PUBLIC   SCHOOL AND COLLEGE","institutionType":"college"},{"eiin":104264,"name":"NOU-BAHINI SCHOOL AND COLLEGE","institutionType":"college"},{"eiin":104275,"name":"CHITTAGONG COLLEGIATE SCHOOL,DOUBLE MOORING (GOVT.)","institutionType":"college"},{"eiin":104280,"name":"HATEY KHARI HIGH SCHOOL & COLLEGE","institutionType":"college"},{"eiin":104711,"name":"ISPAHANI PUBLIC SCHOOL & COLLEGE","institutionType":"college"},{"eiin":104304,"name":"POSTARPAR ASMA KHATUN CITY CORP.GIRLS SCHOOL & COLLEGE","institutionType":"college"},{"eiin":104394,"name":"GULTAZ  MEMORIAL  SCHOOL   &   COLLEGE","institutionType":"college"},{"eiin":104396,"name":"AL-HAJ YAKUB ALI GIRL'S HIGH SCHOOL & COLLEGE","institutionType":"college"},{"eiin":104469,"name":"AKBARIA SCHOOL AND COLLEGE","institutionType":"college"},{"eiin":104468,"name":"CHITTAGONG UNIVERSITY SCHOOL & COLLEGE","institutionType":"college"},{"eiin":133998,"name":"CHITTAGONG MODEL SCHOOL & COLLEGE","institutionType":"college"},{"eiin":104534,"name":"BANGLADESEH MAHILA SAMITY GIRLS SCHOOL & COLLEGE","institutionType":"college"},{"eiin":132147,"name":"CENTRAL PUBLIC SCHOOL AND COLLEGE","institutionType":"college"},{"eiin":104492,"name":"CHITTAGONG MUNICIPAL MODEL SCHOOL AND COLLEGE","institutionType":"college"},{"eiin":104507,"name":"J.M SEN SCHOOL & COLLEGE","institutionType":"college"},{"eiin":104491,"name":"KAZEM ALI  SCHOOL AND COLLEGE","institutionType":"college"},{"eiin":104610,"name":"MAHAJANHAT FAZLUR RAHMAN  SCHOOL AND COLLEGE","institutionType":"college"},{"eiin":104690,"name":"SARAIPARA CITY CORPORATION SCHOOL  AND COLLEGE","institutionType":"college"},{"eiin":132075,"name":"CHITTAGONG LABRATORY SCHOOL AND COLLEGE","institutionType":"college"},{"eiin":104051,"name":"CHITTAGONG PUBLIC HIGH SCHOOL & COLLEGE","institutionType":"college"},{"eiin":134625,"name":"CHITTAGONG SUNSHINE COLLEGE","institutionType":"college"},{"eiin":104053,"name":"KULGAON CITY CORPORATION HIGH SCHOOL","institutionType":"college"},{"eiin":134132,"name":"SARADINER SCHOOL & COLLEGE","institutionType":"college"},{"eiin":134170,"name":"SOUTHPOINT SCHOOL AND COLLEGE","institutionType":"college"},{"eiin":132071,"name":"SRIJONI TRUST SCHOOL & COLLEGE","institutionType":"college"},{"eiin":104265,"name":"BAF SAHEEN  COLLEGE","institutionType":"college"},{"eiin":104267,"name":"PATENGA CITY CORP.GIRL'S SCHOOL & COLLEGE","institutionType":"college"},{"eiin":104784,"name":"DHALGHAT SCHOOL & COLLEGE","institutionType":"college"},{"eiin":104785,"name":"MONSHA SCHOOL & COLLEGE","institutionType":"college"},{"eiin":104786,"name":"SHOVANDANDI SCHOOL AND COLLEGE","institutionType":"college"},{"eiin":104719,"name":"UNION KRISHI  SCHOOL AND COLLEGE","institutionType":"college"},{"eiin":104938,"name":"CHITTAGONG ENGINEERING UNIVERSITY SCHOOL & COLLEGE","institutionType":"college"},{"eiin":104937,"name":"DEWANPUR S.K.SEN SCHOOL  & COLLEGE","institutionType":"college"},{"eiin":105116,"name":"FAUJDARHAT CADET COLLEGE","institutionType":"college"},{"eiin":105087,"name":"KUMIRA RESIDENTIAL GIRLS SCHOOL & COLLEGE","institutionType":"college"},{"eiin":105193,"name":"JHALAM HIGH SCHOOL AND COLLEGE","institutionType":"college"},{"eiin":105195,"name":"KHOSH BASH HIGH SCHOOL & COLLEGE","institutionType":"college"},{"eiin":105206,"name":"CHANDLA K.B. HIGH SCHOOL AND COLLEGE","institutionType":"college"},{"eiin":105217,"name":"SHAITSHALA ADARSHA HIGH SCHOOL AND COLLEGE","institutionType":"college"},{"eiin":105337,"name":"ABIDPUR  HIGH  SCHOOL  AND  COLLEGE","institutionType":"college"},{"eiin":105336,"name":"FAKIR BAZAR HIGH SCHOOL & COLLEGE","institutionType":"college"},{"eiin":105338,"name":"MAINAMATI HIGH SCHOOL AND COLLEGE","institutionType":"college"},{"eiin":105518,"name":"BIJOYKARA   SCHOOL  AND  COLLEGE","institutionType":"college"},{"eiin":105516,"name":"BOGOIR GIRLS' HIGH SCHOOL & COLLEGE","institutionType":"college"},{"eiin":105828,"name":"ALEKJAN MEMORIAL HIGH SCHOOL & COLLEGE","institutionType":"college"},{"eiin":105830,"name":"BAMOIL SCHOOL AND COLLEGE","institutionType":"college"},{"eiin":105827,"name":"COMILLA HOUSING ESTATE SCHOOL AND COLLEGE","institutionType":"college"},{"eiin":105826,"name":"ISPAHANI PUBLIC HIGH SCHOOL AND COLLEGE","institutionType":"college"},{"eiin":133844,"name":"COMILLA CADET COLLEGE","institutionType":"college"},{"eiin":134648,"name":"COMILLA CITY COLLEGE","institutionType":"college"},{"eiin":132092,"name":"COMILLA SHIKKHA BOARD MODEL SCHOOL AND COLLEGE","institutionType":"college"},{"eiin":105862,"name":"HARISHCHAR UNION HIGH SCHOOL AND COLLEGE","institutionType":"college"},{"eiin":105708,"name":"HAZI AKRAM UDDIN HIGH SCHOOL AND COLLEGE","institutionType":"college"},{"eiin":105751,"name":"IBN TAIMIYA SCHOOL & COLLEGE","institutionType":"college"},{"eiin":105750,"name":"SUAGONJ T.A. HIGH SCHOOL AND COLLEGE","institutionType":"college"},{"eiin":105583,"name":"BARKOTA SCHOOL &  COLLEGE","institutionType":"college"},{"eiin":105668,"name":"DUARIA A.G.MODEL ACADEMY","institutionType":"college"},{"eiin":105962,"name":"AJGORA HAZI ALTAFP  ALI HIGH SCHOOL AND COLLEGE","institutionType":"college"},{"eiin":105899,"name":"GANA UDDOG GIRLS HIGH SCHOOL AND COLLEGE","institutionType":"college"},{"eiin":105964,"name":"MUDAFORGANJ ALI NOWAB HIGH SCHOOL & COLLAGE","institutionType":"college"},{"eiin":105963,"name":"RAHMANIA CHIRA SABUJ HIGH SCHOOL AND COLLEGE","institutionType":"college"},{"eiin":105965,"name":"MONOHORGONJ HIGH SCHOOL AND COLLEGE","institutionType":"college"},{"eiin":105977,"name":"MUZAFFAR ALI HIGH SCHOOL & COLLEGE","institutionType":"college"},{"eiin":106072,"name":"BAIRA M. ARIF SCHOOL AND COLLEGE","institutionType":"college"},{"eiin":106071,"name":"JAHAPUR KAMALA KANTA ACADEMUY & COLLEGE","institutionType":"college"},{"eiin":106165,"name":"BADSHA MIA ADRSHA HIGH SCHOOL AND COLLEGE","institutionType":"college"},{"eiin":106167,"name":"BHOLAIN BAZAR SCHOOL  AND COLLEGE","institutionType":"college"},{"eiin":106166,"name":"DR.ZOBAIDA HANNAN GIRLS SCHOOL & MOHILA COLLEGE","institutionType":"college"},{"eiin":106092,"name":"MONTOLI HIGH SCHOOL AND COLLEGE","institutionType":"college"},{"eiin":105582,"name":"GAZIPUR KHAN HIGH SCHOOL AND COLLEGE","institutionType":"college"},{"eiin":106504,"name":"CHAND GAZI HIGH SCHOOL & COLLEGE","institutionType":"college"},{"eiin":106503,"name":"SOUTH BALLAVPUR HIGH SCHOOL AND COLLEGE","institutionType":"college"},{"eiin":106554,"name":"RAJAPUR HIGH SCHOOL AND COLLEGE","institutionType":"college"},{"eiin":132276,"name":"FENI GIRLS CADET COLLEGE, FENI","institutionType":"college"},{"eiin":106673,"name":"ALI AZAM  SCHOOL AND  COLLEGE","institutionType":"college"},{"eiin":106674,"name":"HASANPUR SHAH ALAM CHOW.SCHOOL & COLLEGE","institutionType":"college"},{"eiin":106703,"name":"KHANDAL BOHUMUKHI HIGH SCHOOL & COLLEGE","institutionType":"college"},{"eiin":132070,"name":"KHAGRACHARI CANTONMENT PUBLIC SCHOOL & COLLEGE","institutionType":"college"},{"eiin":106893,"name":"BASHIK PUR SCHOOL AND COLEGE","institutionType":"college"},{"eiin":106903,"name":"KHIL BAISA G.F UNION SCHOOL AND COLLEGE","institutionType":"college"},{"eiin":107111,"name":"JOYPUR A. S. R. M. S. HIGH SCHOOL AND COLLEGE","institutionType":"college"},{"eiin":107065,"name":"PANPARA HIGH SCHOOL AND COLLEGE","institutionType":"college"},{"eiin":107112,"name":"ZIAUL HAQUE  HIGH  SCHOOL AND COLLEGE","institutionType":"college"},{"eiin":133148,"name":"SULTANPUR HANIF BHUIYAN SCHOOL AND COLLEGE","institutionType":"college"},{"eiin":107520,"name":"PURBA  CHARBATA  HIGH  SCHOOL  AND  COLLEGE","institutionType":"college"},{"eiin":107739,"name":"KARNAPHULI PAPER MILLS HIGH SCHOOL & COLLEGE","institutionType":"college"},{"eiin":132144,"name":"SRIJONEE TRUST SCHOOL AND COLLEGE","institutionType":"college"},{"eiin":107841,"name":"BADDA ALATUNNESSA HIGHER SECONDARY SCHOOL","institutionType":"college"},{"eiin":132140,"name":"CAMBRIAN SCHOOL AND COLLEGE","institutionType":"college"},{"eiin":131945,"name":"NATIONAL COLLEGE","institutionType":"college"},{"eiin":107859,"name":"B A F SHAHEEN COLLEGE KURMITOLA","institutionType":"college"},{"eiin":107860,"name":"BALUGHAT HIGH SCHOOL & COLLEGE","institutionType":"college"},{"eiin":133937,"name":"BANGLADESH INTERNATIONAL SCHOOL(BIS)","institutionType":"college"},{"eiin":132090,"name":"DHAKA CANT: GIRLS PUBLIC SCHOOL AND COLLEGE","institutionType":"college"},{"eiin":132143,"name":"SAHID BIR UTTAM ANWAR GIRLS  SCHOOL & COLLEGE","institutionType":"college"},{"eiin":107850,"name":"SHAHEED ROMIZ UDDIN CANTONMENT SCHOOL AND COLLEGE","institutionType":"college"},{"eiin":108571,"name":"MOLLARTEK UDAYAN  USB & COLLEGE","institutionType":"college"},{"eiin":107845,"name":"UTTARA GIRLS HIGH SCHOOL","institutionType":"college"},{"eiin":132057,"name":"BAMOIL IDEAL HIGH SCHOOL AND COLLEGE (BM)","institutionType":"college"},{"eiin":107915,"name":"SHAMSUL HOQUE KHAN SCHOOL & COLLEGE","institutionType":"college"},{"eiin":107959,"name":"AFAZ UDDIN UCHCHA MADHIAMIC BIDHYALAY","institutionType":"college"},{"eiin":107919,"name":"DHAMRAI HARDINGE HIGH SCHOOL AND COLLEGE","institutionType":"college"},{"eiin":134168,"name":"COLLEGE OF DEVELOPMENT ALTERNATIVE (CODA)","institutionType":"college"},{"eiin":107962,"name":"GOVT. LABORATORY HIGH SCHOOL AND COLLEGE","institutionType":"college"},{"eiin":107983,"name":"JARINA SIKDER GIRLS SCHOOL AND COLLEGE","institutionType":"college"},{"eiin":134584,"name":"JUST INTERNATIONAL SCHOOL & COLLEGE","institutionType":"college"},{"eiin":107985,"name":"MEHERUNNISA GIRLS SCHOOL & COLLEGE","institutionType":"college"},{"eiin":107984,"name":"Y. W. C. A HIGHER SECONDARY GIRLS SCHOOL","institutionType":"college"},{"eiin":108011,"name":"MALIKANDA MEGHULA SCHOOL AND COLLEGE","institutionType":"college"},{"eiin":108037,"name":"GULSHAN MODEL HIGH SCHOOL AND COLLEGE","institutionType":"college"},{"eiin":108023,"name":"I.P.H SCHOOL AND COLLEGE","institutionType":"college"},{"eiin":108038,"name":"KALACHADPUR UCCHA MADDAMIC BIDDALAY","institutionType":"college"},{"eiin":108040,"name":"SOUTH POINT SCHOOL & COLLAGE","institutionType":"college"},{"eiin":108165,"name":"SALEHA HIGH SCHOOL AND COLLEGE","institutionType":"college"},{"eiin":107914,"name":"BARNAMALA ADARSHA UCHACHA MADHYAMIK  BIDHYALAYA","institutionType":"college"},{"eiin":107863,"name":"SALAHUDDIN AHMED ADARSHA SCHOOL AND COLLEGE","institutionType":"college"},{"eiin":107916,"name":"SHASEED ZIA GIRLA HIGH SCHOOL AND COLLEGE","institutionType":"college"},{"eiin":107858,"name":"B A F SHAHEEN COLLEGE,KAFRUL, DHAKA","institutionType":"college"},{"eiin":107854,"name":"B N COLLEGE,DHAKA","institutionType":"college"},{"eiin":132127,"name":"SHAHEED POLICE SMRITY  COLLEGE","institutionType":"college"},{"eiin":108120,"name":"BAGHAPUR HIGH SCHOOL & COLLEGE","institutionType":"college"},{"eiin":108119,"name":"BARISUR ANSHALIK HIGH SCHOOL COLLEGE","institutionType":"college"},{"eiin":108121,"name":"KERANIGONJ GIRL'S SCHOOL AND COLLEGE","institutionType":"college"},{"eiin":108074,"name":"NUTAN BAKTER CHAR  SCHOOL AND COLLEGE","institutionType":"college"},{"eiin":108098,"name":"RAJABARI HIGH SCHOOL AND COLLEGE,KERANIGANJ","institutionType":"college"},{"eiin":108118,"name":"ZINZIRA P M PILOT SECONDARY SCHOOL & COLLEGE","institutionType":"college"},{"eiin":108375,"name":"ALI AHMED HIGH SCHOOL AND COLLEGE","institutionType":"college"},{"eiin":134601,"name":"BANGLADESH IDEAL SCHOOL AND COLLEGE","institutionType":"college"},{"eiin":132096,"name":"DHAKA EASTERN COLLEGE","institutionType":"college"},{"eiin":108387,"name":"KHILGAON GIRLS SCHOOL AND COLLAGE","institutionType":"college"},{"eiin":108376,"name":"KHILGOAN GOVT HIGH SCHOOL DHAKA -1207","institutionType":"college"},{"eiin":132078,"name":"NATIONAL IDEAL SCHOOL AND COLLEGE","institutionType":"college"},{"eiin":108139,"name":"AHMED BAWANY ACADEMY (SCHOOL & COLLEGE0","institutionType":"college"},{"eiin":108138,"name":"ANOWARA BEGUM MUSLIM GIRLS SCHOOL & COLLEGE","institutionType":"college"},{"eiin":108164,"name":"AGRANI GIRLS SCHOOL & COLLEGE","institutionType":"college"},{"eiin":108163,"name":"AZIMPUR GIRIS SCHOOL & COLLEGE","institutionType":"college"},{"eiin":108161,"name":"BIR SHESHTHA NOOR MOHAMMAD PUBLIC COLLEGE","institutionType":"college"},{"eiin":132081,"name":"LALBAGH MODEL SCHOOL & COLLEGE","institutionType":"college"},{"eiin":108154,"name":"NABAKUMAR INSTITUTION & DR. SHAHIDULLAH COLLEGE","institutionType":"college"},{"eiin":108166,"name":"NATUN PoLToN LINE HIGHER SECONDARY SCHOOL","institutionType":"college"},{"eiin":130642,"name":"RAYHAN SCHOOL & COLLEGE","institutionType":"college"},{"eiin":135252,"name":"ALORON COLLEGE","institutionType":"college"},{"eiin":108214,"name":"BANOPHOOL ADIBASHI GREEN HEART COLLEGE","institutionType":"college"},{"eiin":108217,"name":"BASHIR UDDIN IDEAL HIGHER SECONDARY SCHOOL","institutionType":"college"},{"eiin":108223,"name":"DHAKA SHIKSHA BOARD LABORATORY SCHOOL & COLLEGE","institutionType":"college"},{"eiin":134478,"name":"FM INTERNATIONAL SCHOOL AND COLLEGE","institutionType":"college"},{"eiin":134180,"name":"GREEN FIELD COLLEGE","institutionType":"college"},{"eiin":108213,"name":"HAQQANI MISSION VIDYAPITH AND MOHAVIDYALAYA","institutionType":"college"},{"eiin":108218,"name":"KALLYANPUR GIRLS SCHOOL & COLLEGE","institutionType":"college"},{"eiin":108221,"name":"MIRPUR GIRL'S IDEAL LABRATORY INSTITUTE","institutionType":"college"},{"eiin":108181,"name":"MONIPUR UCCHA BIDDALYA & COLLEGE","institutionType":"college"},{"eiin":108215,"name":"S O S HERMAN GMEINER COLLEGE. DHAKA","institutionType":"college"},{"eiin":108262,"name":"AGARGAONTALTALA GOVT.COLONY HIGH SCHOOL & MOHILA COLLEGE","institutionType":"college"},{"eiin":108263,"name":"BADSHA FAISAL INSTITUTE","institutionType":"college"},{"eiin":108258,"name":"DHAKA RESIDENTIAL MODEL  COLLEGE","institutionType":"college"},{"eiin":131916,"name":"FEROZA BASHAR IDEAL COLLEGE","institutionType":"college"},{"eiin":108260,"name":"KISHALAYA GIRL'S SCHOOL & COLLEGE","institutionType":"college"},{"eiin":108261,"name":"LALMATIA HOUSING SOCIETY UCHCHA MADHYAMIK BIDYALAYA","institutionType":"college"},{"eiin":108264,"name":"MOHAMMADPUR   MODEL  SCHOOL  &  COLLEGE","institutionType":"college"},{"eiin":132107,"name":"MOHAMMADPUR PREPARATORY  HIGHER  SECONDARY  SCHOOL","institutionType":"college"},{"eiin":108241,"name":"SHER E BANGLA NAGAR GOVT. BOYS HIGh SCHOOL","institutionType":"college"},{"eiin":108259,"name":"ST.  JOSEPH  HIGHER  SECONDARY  SCHOOL","institutionType":"college"},{"eiin":134446,"name":"WINSOME SCHOOL & COLLEGE","institutionType":"college"},{"eiin":108589,"name":"ARAMBAGH GIRLS HIGH SCHOOL AND COLLEGE","institutionType":"college"},{"eiin":108277,"name":"IDEAL SCHOOL & COLLEGE","institutionType":"college"},{"eiin":132088,"name":"MOTIJHEEL GOVT. BOY'S high school","institutionType":"college"},{"eiin":130865,"name":"MOTIJHEEL MODEL HIGH SCHOOL AND COLLEGE","institutionType":"college"},{"eiin":108587,"name":"NOBARUN  high school","institutionType":"college"},{"eiin":108320,"name":"NAWABAGON PILOT UCHCHA MADYAMIC BALIKA BIDYALAYA","institutionType":"college"},{"eiin":108321,"name":"SHOLLA HIGHER SECONDARY SCHOOL","institutionType":"college"},{"eiin":108162,"name":"BIR SHRESTHA MUNSHI ABDUR ROUF BORDER GUARD COLLEGE","institutionType":"college"},{"eiin":132085,"name":"AHSANIA MISSION SCHOOL & COLLEGE","institutionType":"college"},{"eiin":108337,"name":"DR. MOHAMMAD SHAHIDULLAH ADARSHA UCHCHA MADYMIC BIDYAPITH","institutionType":"college"},{"eiin":108188,"name":"MIRPUR BANGLA HIGHER SECONDARY SCHOOL","institutionType":"college"},{"eiin":132200,"name":"RUPNAGAR MODEL SCHOOL AND COLLEGE","institutionType":"college"},{"eiin":108279,"name":"RAJARBAGH POLICE LINE UCHCHA MADYAMIC BIDYALAYA","institutionType":"college"},{"eiin":132367,"name":"BIAM MODEL SCHOOL AND COLLEGE","institutionType":"college"},{"eiin":108360,"name":"ISPAHANI GIRLS SCHOOL AND COLLEGE","institutionType":"college"},{"eiin":108356,"name":"NATIONAL BANK PUBLIC SCHOOL AND COLLEGE","institutionType":"college"},{"eiin":108340,"name":"SHER E BANGLA HIGHER SECONDARY SCHOOL .MODHUBAG","institutionType":"college"},{"eiin":108361,"name":"SIDDESWARI BOYS HIGH SCHOOL AND COLLEGE","institutionType":"college"},{"eiin":108355,"name":"UDAYAN UCHCHA MADYAMIK BIDYALAYA","institutionType":"college"},{"eiin":108362,"name":"UNIVERSITI LABORATORY SCHOOL AND COLLEGE","institutionType":"college"},{"eiin":108357,"name":"VIQARUNNISA NOON SCHOOL & COLLEGE","institutionType":"college"},{"eiin":108359,"name":"WILLIS LITTLE FLOWAR HIGHER SECONDARY SCHOOL","institutionType":"college"},{"eiin":134462,"name":"CITY MODEL SCHOOL AND COLLEGE","institutionType":"college"},{"eiin":108388,"name":"KADAMTALA PURBO BASHABO  SCHOOL AND COLLEGE","institutionType":"college"},{"eiin":108393,"name":"KAMALAPUR UCHCHA MADYAMIK BIDYALAYA","institutionType":"college"},{"eiin":108391,"name":"MADARTEK ABDUL AZIZ UCHCHA MADHYAMIK BIDYALYA","institutionType":"college"},{"eiin":134172,"name":"QUALITY EDUCATION COLLEGE","institutionType":"college"},{"eiin":108456,"name":"ASHULIA UCHHA MADHYAMIC BIDHALAYA","institutionType":"college"},{"eiin":134131,"name":"BANGLADESH KRIRA SHIKKHA PROTISHTAN","institutionType":"college"},{"eiin":108458,"name":"BEPZA  PUBLIC  SCHOOL AND  COLLEGE","institutionType":"college"},{"eiin":108461,"name":"BPATC SCHOOL & COLLEGE","institutionType":"college"},{"eiin":108463,"name":"DOSHAID A K HIGHER  SCHOOL AND COLLEGE","institutionType":"college"},{"eiin":108460,"name":"JAHANGIRNAGAR UNIVERSITY SCHOOL & COLLEGE","institutionType":"college"},{"eiin":108462,"name":"MIRPUR MAFID-E-AM SCHOOL & COLLEGE","institutionType":"college"},{"eiin":108429,"name":"MOHAMMAD ALI YEAKUB ALI  SCHOOL AND COLLEGE","institutionType":"college"},{"eiin":108459,"name":"SAVAR CANTONMENT PUBLIC SCHOOL AND COLLEGE","institutionType":"college"},{"eiin":108222,"name":"BCIC COLLEGE","institutionType":"college"},{"eiin":108358,"name":"ENGINEERING UNIVERSITY SCHOOL & COLLEGE","institutionType":"college"},{"eiin":108481,"name":"A. K.  HIGH SCHOOL AND COLLEGE","institutionType":"college"},{"eiin":132066,"name":"SHYAMPUR MODEL SCHOOL AND COLLEGE","institutionType":"college"},{"eiin":132087,"name":"COSMOPOLITAN LABRATORY  SCHOOL AND COLLEGE","institutionType":"college"},{"eiin":108513,"name":"K.L. JUBILEE SCHOOL AND COLLEGE","institutionType":"college"},{"eiin":108498,"name":"MONIZA RAHMAN GIRLS HIGH SCHOOL AND COLLEGE","institutionType":"college"},{"eiin":108514,"name":"SHER-E-BANGLA BALIKA MAHAVIDYALAYA,HATKHOLA ROAD","institutionType":"college"},{"eiin":108523,"name":"NAZNEEN HIGH SCHOOL AND COLLEGE","institutionType":"college"},{"eiin":108518,"name":"SHERE BANGLA NOGOR GOVT.GIRLS SCHOOL & COLLEGE","institutionType":"college"},{"eiin":132080,"name":"BAIKAL SCHOOL & COLLEGE","institutionType":"college"},{"eiin":108574,"name":"BADSHA FAHAD SCHOOL AND COLLEGE","institutionType":"college"},{"eiin":134389,"name":"DHAKA MEGACITY COLLEGE","institutionType":"college"},{"eiin":132122,"name":"HOLY CHILD SCHOOL & COLLEGE","institutionType":"college"},{"eiin":108570,"name":"I.E.S.UCHCHA MADYANIC BIDYALAYA","institutionType":"college"},{"eiin":108572,"name":"MILESTONE COLLEGE","institutionType":"college"},{"eiin":108540,"name":"NAWAB HABIBULLAH MODEL SCHOOL AND COLLEGE","institutionType":"college"},{"eiin":108573,"name":"RAJUK UTTARA MODEL COLLEGE","institutionType":"college"},{"eiin":131890,"name":"SRISTY CENTRAL SCHOOL AND COLLEGE,UTTARA","institutionType":"college"},{"eiin":108538,"name":"UTTARA HIGH SCHOOL AND COLLEGE","institutionType":"college"},{"eiin":134526,"name":"UTTARA RESIDENTIAL SCHOOL & COLLEGE","institutionType":"college"},{"eiin":108743,"name":"HALIMA GIRLS SCHOOL AND COLLEGE, FARIDPUR","institutionType":"college"},{"eiin":108775,"name":"KABI JASIM UDDIN SCHOOL AND COLLEGE","institutionType":"college"},{"eiin":108807,"name":"SUKUR MAMUD HIGHER SECONDARY SCHOOL","institutionType":"college"},{"eiin":108913,"name":"AKOTER CHAR S.C.  UCCHO BIDDYALOY &  COLLEGE","institutionType":"college"},{"eiin":132208,"name":"GAZIPUR RESIDENTIAL MODEL SCHOOL & COLLEGE","institutionType":"college"},{"eiin":109028,"name":"HATIMARA UCHCHA MADYAMIK BIDYALAYA","institutionType":"college"},{"eiin":135243,"name":"LINCOeN INTERNATIONAL SCHOOL AND COLLEGE","institutionType":"college"},{"eiin":109043,"name":"M.E.H.ARIF COLLEGE","institutionType":"college"},{"eiin":109039,"name":"RAJENDRAPUR CANTonment PUBLIC SCHOOL AND COLLEGE","institutionType":"college"},{"eiin":109063,"name":"SAFIUDDIN  SARKER  ACADEMY  AND  COLLEGE","institutionType":"college"},{"eiin":109042,"name":"SALNA NASIR UDDIN MEMORIAL HIGH SCHOOL AND COLLEGE","institutionType":"college"},{"eiin":109062,"name":"TONGI PILOT SCHOOL AND GIRLS COLLEGE","institutionType":"college"},{"eiin":135394,"name":"BANGLADESH ADVENTIST SEMINARY SCHOOL & COLLEGE","institutionType":"college"},{"eiin":109113,"name":"BARAI BARI A.K.U.INSTITUTION AND COLLEGE","institutionType":"college"},{"eiin":109086,"name":"VASHA SHAHEED ABDUL JABBAR ANSAR VDP HIGH SCHOOL","institutionType":"college"},{"eiin":109183,"name":"AZMATPUR ADARSHA SCHOOL AND COLLEGE","institutionType":"college"},{"eiin":109326,"name":"TARAGANJ H. N. UCCHA MADHYAMIC BIDYLAYA","institutionType":"college"},{"eiin":109051,"name":"SHAHAJUDDIN SARKER MODEL HIGHER SECONDARY SCHOOL","institutionType":"college"},{"eiin":134093,"name":"SHEIKH HASINA GIRLS HIGH SCHOOL AND COLLEGE","institutionType":"college"},{"eiin":109496,"name":"UDYAN BIDYA PITH HIGHER SECONDARY SCHOOL","institutionType":"college"},{"eiin":109594,"name":"NESARUDDIN TALUKDER UCHCHA MADYAMIC BIDYALAYA","institutionType":"college"},{"eiin":109657,"name":"BATIKA MARI UCHCHA MADHYAMIK MADHYAMIR BIDYALAY","institutionType":"college"},{"eiin":109624,"name":"DURBASUR ADARSHA  HIGH SCHOOL AND COLLEGE","institutionType":"college"},{"eiin":109596,"name":"MOULOVI ABDUL HYE MEMORIAL HIGH SCHOOL","institutionType":"college"},{"eiin":109673,"name":"KHAN SAHEB SHAIKH MOSHARROF HOSSAIN SCHOOL & COLLEGE","institutionType":"college"},{"eiin":109693,"name":"CHANDRABAZ RASHIDA BEGUM SCHOOL AND COLLEGE","institutionType":"college"},{"eiin":109860,"name":"GUTHAIL UCHCHA MADYMIC BIDYALAYA","institutionType":"college"},{"eiin":109859,"name":"ISLAMPUR J.J.K.M. GIRLS HIGH SCHOOL AND COLLEGE","institutionType":"college"},{"eiin":132054,"name":"HASIL  HIGHER  SECONDARY  SCHOOL","institutionType":"college"},{"eiin":110001,"name":"NURUNDI UCHCHA MADHYAMIK BIDYALAYA","institutionType":"college"},{"eiin":110002,"name":"PEARPUR MOHARAJA SASHIKANTA MADHYAMIC BIDYALYA","institutionType":"college"},{"eiin":110080,"name":"TEGHARIA SHAHED ALI HIGH CSHOOL & COLLEGE","institutionType":"college"},{"eiin":110225,"name":"BHATARA USHCHA MADHYAMIK BIDYALAY","institutionType":"college"},{"eiin":110224,"name":"JOMUNA SARKARKHANA HIGHER SECONDARY SCHOOL","institutionType":"college"},{"eiin":110222,"name":"SARISHA BARI  PILOT UCCHA MADHYAMIK BALIKA BIDYALAYA","institutionType":"college"},{"eiin":110260,"name":"AFTAB UDDIN SCHOOL AND COLLEGE","institutionType":"college"},{"eiin":110244,"name":"BAJITPUR  RAZZAKUNESSA  PILOT  GIRLS  HIGH  SCHOOL AND COLLEGE","institutionType":"college"},{"eiin":110296,"name":"HOSSAIN PUR MODEL PILOT HIGH SCHOOL & COLLEGE","institutionType":"college"},{"eiin":110292,"name":"S R D SHAMS UDDIN BHUYIAN  SCHOOL  & COLLEGE","institutionType":"college"},{"eiin":110391,"name":"CHATAL BAGHATA SCHOOL and college","institutionType":"college"},{"eiin":110579,"name":"CHARTEKI GIRLS SCHOOL AND COLLEGE","institutionType":"college"},{"eiin":110618,"name":"JANGALIA UNION UCHCHA MADHYAMIK SCHOOL & COLLEGE","institutionType":"college"},{"eiin":110563,"name":"SHIMULIA UCHCHO MADDOMIC BIDDALOY","institutionType":"college"},{"eiin":110718,"name":"D.K.IDEAL SYED ATAHAR ALI ACADEMY & COLLEGE","institutionType":"college"},{"eiin":110656,"name":"KHASHER HAT SAYED ABUL HOSSAIN SCHOOL & COLLEGE","institutionType":"college"},{"eiin":110822,"name":"SHAHID SARDAR SAJAHAN GIRLS SCHOOL & COLLEGE","institutionType":"college"},{"eiin":110821,"name":"TAKERHAT POPULAR HIGH SCHOOL  and college","institutionType":"college"},{"eiin":110911,"name":"BANIAJURI UNION HIGH SCHOOL","institutionType":"college"},{"eiin":132175,"name":"PRESIDENT PROF. DR. IAZUDDIN AHMED RESIDENTIAL MODEL SCHOOL & C","institutionType":"college"},{"eiin":111232,"name":"RARIKHAL SIR J.C.BOSE INSTITUTION & COLLEGE","institutionType":"college"},{"eiin":111357,"name":"DHALIA BAHULI UCHCHA MADHYAMIC BIDDAYLOY","institutionType":"college"},{"eiin":111297,"name":"SAYER SAFAYEY MASHYMIK BIDDYANIKATION","institutionType":"college"},{"eiin":111358,"name":"UTHURA HIGH SCHOOL & COLLEGE","institutionType":"college"},{"eiin":111388,"name":"KALSINDUR UCHCHA MADHYAMIK BIDYALAYA","institutionType":"college"},{"eiin":111429,"name":"SHAPLA GIRLS HIGH SCHOOL AND COLLEGE","institutionType":"college"},{"eiin":111724,"name":"SHAHGONJ HIGH SCHOOL AND COLLEGE","institutionType":"college"},{"eiin":111824,"name":"ISHWARGANJ GIRLS SXHOOL & COLLEGE","institutionType":"college"},{"eiin":111781,"name":"UCHAKHILA  HIGHER SECONDARY  SCHOOL","institutionType":"college"},{"eiin":134827,"name":"BIR MUKTI JUDDha addhakka MOTIUR RAHMAN ACADEMY SCHOOL and COL","institutionType":"college"},{"eiin":111925,"name":"CANTONMENT PUBLIC SCHOOL & COLLEGE","institutionType":"college"},{"eiin":111923,"name":"MAHAKALI GIRLS SCHOOL AND COLLEGE","institutionType":"college"},{"eiin":111922,"name":"MOMENSHAHI ISLAMI ACADEMY AND COLLEGE","institutionType":"college"},{"eiin":111921,"name":"MUsLIM GIRLS HIGH SCHOOL AND COLLEGE mymensingh","institutionType":"college"},{"eiin":111926,"name":"MYMENSINGH GIRLS  CADET  COLLEGE","institutionType":"college"},{"eiin":112072,"name":"MUSHULI SCHOOL & COLLEGE","institutionType":"college"},{"eiin":112240,"name":"KANTHAL HIGH SCHOOL AND COLLEGE","institutionType":"college"},{"eiin":112305,"name":"BALIAPARA HIGH SCHOOL AND COLLEGE","institutionType":"college"},{"eiin":132151,"name":"SULTANSADI HIGH SCHOOL AND COLLEGE","institutionType":"college"},{"eiin":112378,"name":"BANDAR GIRL'S HIGHER SECONDARY SCHOOL","institutionType":"college"},{"eiin":112403,"name":"HAJI IBRAHIM ALAMCHAN UCHHA MADYAIMIK BIDYALAYA","institutionType":"college"},{"eiin":112484,"name":"ADARSHA GIRLS SCHOOL &  COLLEGE","institutionType":"college"},{"eiin":112428,"name":"ARRIBS INTERNATIONAL SCHOOL & COLLEGE","institutionType":"college"},{"eiin":112492,"name":"BHULTA UCHHA MADHAMIC BIDDALAYA","institutionType":"college"},{"eiin":112511,"name":"HAJI MOHAMMAD EKHLAS UDDIN BHU.H/S AND COLLEGE","institutionType":"college"},{"eiin":112537,"name":"NURNNESSA UCHCHA MADHYAMIK BIDYALAYA","institutionType":"college"},{"eiin":112510,"name":"RUPSHI NEW MODEL HIGH SCHOOL AND COLLEGE","institutionType":"college"},{"eiin":112493,"name":"YOUSUF GONJ HIGH SCHOOL AND COLLEGE","institutionType":"college"},{"eiin":112335,"name":"MaGHNA SHILPA NAGARI high SCHOOL AND COLLEGE","institutionType":"college"},{"eiin":112483,"name":"SIDDHIRGONJ REBOTI MOHAN PILOT SCHOOL AND COLLEGE","institutionType":"college"},{"eiin":112372,"name":"SINHA UCHCHA MADHAMIK BIDDALAYA","institutionType":"college"},{"eiin":112373,"name":"SONARGAON G.R.INSTITUTION","institutionType":"college"},{"eiin":112720,"name":"MADHABDI UCHCHA MADHYMIC BALIKA BIDYALAYA","institutionType":"college"},{"eiin":112762,"name":"DR.NAZRUL BIN NOOR MOHSIN GIRLS SCHOOL & COLLEGE","institutionType":"college"},{"eiin":112760,"name":"UREA SARKARKHANA COLLEGE","institutionType":"college"},{"eiin":112819,"name":"ADIABAD ISLAMIA HIGH SCHOOL AND COLLEGE","institutionType":"college"},{"eiin":112884,"name":"SHAHID ASAD COLLEGIATE GIRLS SCHOOL & COLLEGE","institutionType":"college"},{"eiin":112941,"name":"BAUSHI ARDHACHANDRA HIGHER SECONDARY SCHOOL","institutionType":"college"},{"eiin":113080,"name":"SANDIKONA UCHCHA MADHAYAMIK BIDHALYA","institutionType":"college"},{"eiin":130870,"name":"KHALISHA PUR HIGH SCHOOL AND COLLEGE","institutionType":"college"},{"eiin":113300,"name":"LIAKAT ALI SMIRITI SCHOOL AND COLLEGE","institutionType":"college"},{"eiin":113424,"name":"KALIMOHAR JOHURUNNESA HIGHER SECONDARY SCHOOL","institutionType":"college"},{"eiin":113492,"name":"ANKUR COLLEGIATE HIGHER SECONDARY SCHOOL","institutionType":"college"},{"eiin":113493,"name":"BELGACHHI  ALIMUZZAMAN  SCHOOL  & COLLEGE","institutionType":"college"},{"eiin":113593,"name":"SHURESWAR HIGH SCHOOL & COLLEGE, SHURESWAR, NARIA","institutionType":"college"},{"eiin":113618,"name":"DOMSHAR JAGAT CHANDRA INSTITUTION AND COLLEGE","institutionType":"college"},{"eiin":113611,"name":"GONGANAGAR ADARSHA  SCHOOL AND COLLEGE","institutionType":"college"},{"eiin":113678,"name":"ZAZIRA GIRLS HIGH SCHOOL&COLLEGE","institutionType":"college"},{"eiin":114199,"name":"CANTONMENT PUBLIC SCHOOL AND COLLEGE ,GHATAIL","institutionType":"college"},{"eiin":114200,"name":"PAKUTIA  PUBLIC  UCHCHA MADHYAMIK  BIDYALAYA  AND  COLLEGE","institutionType":"college"},{"eiin":114275,"name":"NARUCHI HIGH SCHOOL AND COLLEGE","institutionType":"college"},{"eiin":114274,"name":"SHIMLA PUBLIC HIGHER SECONDARY SCHOOL","institutionType":"college"},{"eiin":114354,"name":"NARANDIA T.R.K.N UCHCHA ;MADHAMIC BIDYAL","institutionType":"college"},{"eiin":114460,"name":"MADHUPUR SHAHID SMRITY HIGHER SECONDARY SCHOL","institutionType":"college"},{"eiin":133861,"name":"MIRZAPUR CADET COLLEGE","institutionType":"college"},{"eiin":114529,"name":"VARATESHWARI  HOMES","institutionType":"college"},{"eiin":114690,"name":"ABEDA KHANAM GIRLS HIGH SCHOOL AND COLLEGE","institutionType":"college"},{"eiin":114688,"name":"DHARER BARI MUSLIM HIGH SCHOOL AND COLLEGE","institutionType":"college"},{"eiin":114749,"name":"H M INSTITUTION SCHOOL & COLLEGE","institutionType":"college"},{"eiin":114679,"name":"VIBEKANANDA HIGH SCHOOL AND COLLEGE","institutionType":"college"},{"eiin":133915,"name":"BANGLADESH COMMUNITY SCHOOL, TRIPOLI","institutionType":"college"},{"eiin":133910,"name":"BANGLADESH MASHHOR-UL-HAQUE MEMORIAL HIGH SCHOOL DOHA-QATA","institutionType":"college"},{"eiin":133911,"name":"BANGLADESH INTERNATIONAL SCHOOL, JEDDAH","institutionType":"college"},{"eiin":133914,"name":"BANGLADESH EMBASSY SCHOOL, RIYADH","institutionType":"college"},{"eiin":133908,"name":"SHEIKH KHALIFA BIN ZAYED BANGLADESH ISLAMIC SCHOOL, ABUDHABI","institutionType":"college"},{"eiin":133268,"name":"BAGERHAT TECHNICAL SCHOOL & COLLEGE","institutionType":"college"},{"eiin":114834,"name":"RANGDIA SCHOOL AND COLLEGE","institutionType":"college"},{"eiin":114837,"name":"S.P.C KAFURPURA HIGH SCHOOL AND COLLEGE","institutionType":"college"},{"eiin":114835,"name":"SAIRA MADHUDIA COLLEGIATE SCHOOL","institutionType":"college"},{"eiin":115265,"name":"TAFAL BARI SCHOOL AND COLLEGE","institutionType":"college"},{"eiin":115335,"name":"HATBOALIA HIGHER SECONDARY SCHOOL","institutionType":"college"},{"eiin":115550,"name":"MAHAKAL PILOT SCHOOL & COLLAGE","institutionType":"college"},{"eiin":115551,"name":"SUNDALI S.T SCHOOL AND COLLEGE","institutionType":"college"},{"eiin":115643,"name":"CHHATIANTALA GIRLS SCHOOL AND UNITED COLLEGE","institutionType":"college"},{"eiin":115644,"name":"RAIPUR  SCHOOL AND COLLEGE","institutionType":"college"},{"eiin":115722,"name":"ALIMONNESSA GIRLS HIGH SCHOOL & TECNICAL COLLEGE","institutionType":"college"},{"eiin":115812,"name":"SK. AKIJUDDIN HIGHER SECONDERY SCHOOL AND COLLEGE","institutionType":"college"},{"eiin":115951,"name":"KASHABPUR  PILOT   SCHOOL  &  COLLEGE","institutionType":"college"},{"eiin":116115,"name":"B A F SHAHEEN COLLEGE","institutionType":"college"},{"eiin":116114,"name":"BHATURIA  SCHOOL AND COLLEGE","institutionType":"college"},{"eiin":133834,"name":"JESSORE SHIKKHA BOARD MODEL SCHOOL & COLLEGE","institutionType":"college"},{"eiin":116123,"name":"GOPALPUR M.L. HIGH SCHOOL AND COLLEGE","institutionType":"college"},{"eiin":116316,"name":"KUADHA   HIGHER SECONDARY SCHOOL","institutionType":"college"},{"eiin":116314,"name":"NEHALPUR SCHOOL AND COLLEGE","institutionType":"college"},{"eiin":116389,"name":"LAKSHANPUR SCHOOL AND COLLAGE","institutionType":"college"},{"eiin":116448,"name":"HARINAKUNDR PILOT HIGH SCHOOL & COLLEGE","institutionType":"college"},{"eiin":116484,"name":"BISHOY KHALI S. M HIGH SCHOOL & COLLEGE","institutionType":"college"},{"eiin":116489,"name":"CHANDIPUR BISNUPADO SCHOOL AND COLLEGE","institutionType":"college"},{"eiin":132184,"name":"JHENIDAH CADET COLLEGE","institutionType":"college"},{"eiin":116559,"name":"SHISHU KUNJA SCHOOL AND COLLEGE,JHENAIDAH","institutionType":"college"},{"eiin":116636,"name":"M M HIGH SCHOOL AND COLLEGE","institutionType":"college"},{"eiin":116832,"name":"SHEIKHPARA RAHATONNESSA GIRL'S SCOOL & COLLEGE","institutionType":"college"},{"eiin":116872,"name":"KHARABAD BAINTALA SCHOOL  AND COLLEGE","institutionType":"college"},{"eiin":116931,"name":"BATBUNIA COLLEGIATE SCHOOL","institutionType":"college"},{"eiin":117060,"name":"BANDA HIGHER SECONDARY SCHOOL","institutionType":"college"},{"eiin":116970,"name":"BARUNA BAZAR P.D.C.COLLEGIATE SCHOOL","institutionType":"college"},{"eiin":117112,"name":"BANGLADESH  NAUBAHINI SCHOOL AND COLLEGE  KHULNA","institutionType":"college"},{"eiin":132117,"name":"KHULNA MODEL SCHOOL AND COLLEGE","institutionType":"college"},{"eiin":117111,"name":"KHULNA PUBLIC COLLEGE","institutionType":"college"},{"eiin":117113,"name":"MAULANA BHASHANI BIDYAPITH GIRLS SCHOOL AND COLLEGE","institutionType":"college"},{"eiin":133199,"name":"KHAN A SOBUR SCHOOL AND COLLEGE","institutionType":"college"},{"eiin":117171,"name":"KHULNA COLLEGIAT GIRLS SCHOOL","institutionType":"college"},{"eiin":117151,"name":"SHIPYARD  SCHOOL AND COLLEGE","institutionType":"college"},{"eiin":117242,"name":"KOYRA MADINABAD SECONDARY SCHOOL AND TECNICAL COLLAGE","institutionType":"college"},{"eiin":117328,"name":"LAKSHIMIKHOLA HIGHER SECONDARY SCHOOL","institutionType":"college"},{"eiin":117327,"name":"R.K.B.K HARISH CHANDRA COLLEGEATE SCHOOL","institutionType":"college"},{"eiin":133195,"name":"ENGINEER  KAMAL   UDDIN  COLLEGATE SCHOOL","institutionType":"college"},{"eiin":133205,"name":"IDEAL PUBLIC SCHOOL AND COLLEGE","institutionType":"college"},{"eiin":117357,"name":"JAMIRA BAZAR ASMOTIA SCHOOL AND SCHOOL","institutionType":"college"},{"eiin":133213,"name":"MILITARY COLLEGATE SCHOOL PHUITOLA (MSCP) KHULNA","institutionType":"college"},{"eiin":117396,"name":"KAZDIA HIGHER SECONDARY SCHOOL","institutionType":"college"},{"eiin":117412,"name":"ISLAMBAD COOGEIATE SCHOOL","institutionType":"college"},{"eiin":117398,"name":"LIONS SCHOOL AND COLLEGE KHULNA","institutionType":"college"},{"eiin":135291,"name":"SRISTY CENTRAL COLLEGE, KHULNA","institutionType":"college"},{"eiin":117617,"name":"NASIR UDDIN BISWAS HIGHER SECONDARY GIRL'S SCHOOL","institutionType":"college"},{"eiin":117653,"name":"RAMANATH PUR SCHOOL & COLLEGE","institutionType":"college"},{"eiin":117734,"name":"MADHUPUR HIGHER SECONDARY SCHOOL","institutionType":"college"},{"eiin":117820,"name":"ALAMPUR BALIAPRA HIGHER SECAODNARY SCHOOL","institutionType":"college"},{"eiin":117754,"name":"BEGUM HAMIDA SIDDIQUE COLLEGIATE SCHOOL","institutionType":"college"},{"eiin":117819,"name":"K.S.M. DHAKA MINAPARA HIGHER SECONDARY SCHOOL","institutionType":"college"},{"eiin":117818,"name":"POLICE LINE SCHOOL AND COLLEGE","institutionType":"college"},{"eiin":118011,"name":"BEROIL BAZAR HIGHER SECONDARY SCHOOL","institutionType":"college"},{"eiin":118009,"name":"KULLIA KUCHIAMORA SYED ATOR ALI HIGHER SECONDARY SCHOOL","institutionType":"college"},{"eiin":118010,"name":"RAWTARA  H.N SCHOOL AND COLLEGE","institutionType":"college"},{"eiin":117926,"name":"SHIBRAMPUR HIGH SCHOOL AND COLLEGE","institutionType":"college"},{"eiin":118029,"name":"GOPINATHPUR M, A, KHALEQUE SECONDARY SCHOOL AND COLLEGE","institutionType":"college"},{"eiin":118066,"name":"NOHATA COLLEGIATE GIRL'S SCHOOL","institutionType":"college"},{"eiin":118017,"name":"PALLABAHUMUKHI SCHOOL AND COLLEGE","institutionType":"college"},{"eiin":118139,"name":"KAJOLI COLLEGIATE SCHOOL","institutionType":"college"},{"eiin":118263,"name":"BAMONDI NISHIPUR SCHOOL AND COLLEGE","institutionType":"college"},{"eiin":118210,"name":"GANGNI PILOT SECONDARY SCHOOL AND COLLEGE","institutionType":"college"},{"eiin":118241,"name":"SONDHANI SCHOOL AND COLLEGE","institutionType":"college"},{"eiin":118344,"name":"JADUKHALI SCHOOL AND COLLEGE","institutionType":"college"},{"eiin":118341,"name":"MEHERPUR  GIRLS  SCHOOL &  B.M COLLEGE","institutionType":"college"},{"eiin":118440,"name":"ITNA MADHYAMIK BIDYALAYA AND COLLEGE","institutionType":"college"},{"eiin":118613,"name":"BARADALA FTABUDDIN COLLEGIATE SCHOOL","institutionType":"college"},{"eiin":118535,"name":"BUDHATA B.B.M.COLLEGIATE SCHOOL","institutionType":"college"},{"eiin":118612,"name":"DARGAHPUR S.K.R.H. HIGHER SECONDARY SCHOOL","institutionType":"college"},{"eiin":118798,"name":"DAKSHIN SRIPUR K.M.L. higher secondary  SCHOOL","institutionType":"college"},{"eiin":118819,"name":"SATANI BHADRA SCHOOL & COLLEGE","institutionType":"college"},{"eiin":118801,"name":"SATKHIRA P  N SCHOOL  AND COLLEGE","institutionType":"college"},{"eiin":118943,"name":"ATULIA ABDUL QUADER HIGH SCHOOL AND COLLEGE","institutionType":"college"},{"eiin":118996,"name":"GOBINDAPUR A.H. HIGHER SECONDERY SCHOOL","institutionType":"college"},{"eiin":118940,"name":"PARANPUR A. RAUF MEMORIAL SCHOOL & COLLEGE","institutionType":"college"},{"eiin":119110,"name":"KHALISH KHALI MAGURUA S.C COLLEGIATE INSTITUTE","institutionType":"college"},{"eiin":119163,"name":"ADAMDIGHI (PILOT) GIRLS HIGH SCHOOL AND COLLEGE","institutionType":"college"},{"eiin":119261,"name":"AREMD POLICE BATTALION PUBLIC SCHOOL & COLLEGE","institutionType":"college"},{"eiin":119263,"name":"BAGHOPARA SHAHAID DANESH UDDIN SCHOOL AND COLLEGE","institutionType":"college"},{"eiin":132097,"name":"BIAM MODEL SCHOOL & COLLEGE","institutionType":"college"},{"eiin":119262,"name":"BOGRA CORONATION INSTITUTION & COLLEGE","institutionType":"college"},{"eiin":132148,"name":"CAMBRIDGE PRE CADET SCHOOL AND COLLEGE","institutionType":"college"},{"eiin":119264,"name":"HAZRADIGHI HIGH SCHOOL AND COLLEGE, BOGRA","institutionType":"college"},{"eiin":119259,"name":"NISHINDARA FAKIR UDDIN SCHOOL & COLLEGE","institutionType":"college"},{"eiin":119258,"name":"POLICE LINES HIGH SCHOOL AND COLLEGE, BOGRA","institutionType":"college"},{"eiin":132281,"name":"S.O.S HERMAN GMEINER COLLEGE","institutionType":"college"},{"eiin":119406,"name":"DHUNAT PILOT GIRLS SCHOOL & COLLEGE","institutionType":"college"},{"eiin":119420,"name":"ASIR UDDIN CHISTY MEMOREAL SCHOOL & COLLEGE","institutionType":"college"},{"eiin":119552,"name":"LATHIGONJ HIGH SCHOOL & COLLEGE","institutionType":"college"},{"eiin":119251,"name":"BOGRA CANTONMENT PUBLIC SCHOOL AND COLLGE","institutionType":"college"},{"eiin":119330,"name":"GOHAIL ISLAMIA HIGH SCHOOL & COLLEGE","institutionType":"college"},{"eiin":133723,"name":"MILLENNIUM SCHOLASTIC SCHOOL & COLLEGE","institutionType":"college"},{"eiin":119811,"name":"POLLI UNNAYAN ACADEMY LABRATORY SCHOOL & COLLEGE","institutionType":"college"},{"eiin":132119,"name":"SHALFA TECHNICAL SCHOOL AND BM COLLEGE","institutionType":"college"},{"eiin":119914,"name":"HABIBPUR HIGH SCHOOL & COLLEGE","institutionType":"college"},{"eiin":132222,"name":"JOYPURHAT GIRLS CADET COLLEGE","institutionType":"college"},{"eiin":121899,"name":"TALEEMUL ISLAM ACADEMY & COLLEGE","institutionType":"college"},{"eiin":121981,"name":"KHETLAL PILOT GIRLS HIGH SCHOOL AND COLLEGE","institutionType":"college"},{"eiin":122018,"name":"UCHAI GIRLS HIGH SCHOOL & COLLEGE","institutionType":"college"},{"eiin":123088,"name":"KASIRUDDIN DEWAN MEMORIAL SCHOOL & COLLEGE","institutionType":"college"},{"eiin":123198,"name":"JOGADAL ADIBASHI SCHOOL & COLLEGE","institutionType":"college"},{"eiin":123410,"name":"JAHANGIRPUR GIRLS SCHOOL & COLLEGE","institutionType":"college"},{"eiin":123326,"name":"GOTEGARI SHAHEED MAMUN HIGH SCHOOL & COLLEGE","institutionType":"college"},{"eiin":123325,"name":"MANDA THANA ADARSHA GIRL'S SCHOOL & COLLEGE","institutionType":"college"},{"eiin":123567,"name":"BAMOIN HIGH SCHOOL & COLLEGE","institutionType":"college"},{"eiin":123494,"name":"NIAMATPUR GIRLS HIGH SCHOOL AND COLLEGE","institutionType":"college"},{"eiin":123703,"name":"GHATNAGAR PAHIRA PUKUR GIRLS SCHOOL & COLLEGE","institutionType":"college"},{"eiin":123828,"name":"BHIOIL HIGH SCHOOL AND COLLeGE","institutionType":"college"},{"eiin":132353,"name":"KALIKAPUR BONPARA KRISHI AND KARIGORI COLLEGE","institutionType":"college"},{"eiin":124032,"name":"BEELCHALAN MULTILATERAL HIGH SCHOOL AND COLLEGE","institutionType":"college"},{"eiin":124035,"name":"CHANCHKOIR NAZIM UDDIN SCHOOL AND COLLEGE","institutionType":"college"},{"eiin":124037,"name":"DURGAPUR HIGH SCHOOL & COLLEGE","institutionType":"college"},{"eiin":124034,"name":"GURUDASPUR ROKEYA PILOT GIRLS HIGH SCHOOL & COLLEGE","institutionType":"college"},{"eiin":124036,"name":"KACHHIKATA SCHOOL AND COLLEGE","institutionType":"college"},{"eiin":124124,"name":"DURDURIA HIGH SCHOOL & COLLEGE","institutionType":"college"},{"eiin":124121,"name":"GOURIPUR HIGH SCHOOL AND COLLEGE","institutionType":"college"},{"eiin":124122,"name":"LALPUR PILOT GIRL'S HIGH SCHOOL & COLLEGE","institutionType":"college"},{"eiin":124123,"name":"WALIA HAKIMUNNESSA GIRLS SCHOOL & COLLEGE","institutionType":"college"},{"eiin":124246,"name":"PATUL HAPANIA HIGH SCHOOL & COLLEGE","institutionType":"college"},{"eiin":124318,"name":"CHOWGRAM HIGH SCHOOL AND COLLEGE","institutionType":"college"},{"eiin":124319,"name":"HATIANDHA  GIRLS SCHOOL AND COLLEGE","institutionType":"college"},{"eiin":124317,"name":"SINGRA  DAMDAMA  PILOT  SCHOOL & COLLEGE","institutionType":"college"},{"eiin":124605,"name":"KARBALA HIGH SCHOOL AND COLLEGE","institutionType":"college"},{"eiin":124425,"name":"ALINAGAR SCHOOL AND COLLEGE","institutionType":"college"},{"eiin":124424,"name":"BANGA BARI YUNUS SMARANI SCHOOL & COLLEGE","institutionType":"college"},{"eiin":124491,"name":"DOGACHI BARENDRO HIGH SCHOOL & COLLEGE","institutionType":"college"},{"eiin":124649,"name":"A. Q. CHAWDHURY NARI KALLAYAN SHIKHALAY & COLLEGE","institutionType":"college"},{"eiin":124751,"name":"CHAKKIRTY  SCHOOL AND  COLLEGE","institutionType":"college"},{"eiin":124753,"name":"CHAR TARAPUR HIGH SCHOOL & COLLEGE","institutionType":"college"},{"eiin":124652,"name":"SAHAPARA PERVIN SMRONI TECHNICAL GIRLS' HIGH SCHOOL & COLLEGE","institutionType":"college"},{"eiin":125333,"name":"AL HERA ACADEMY (SCHOOL & COLLEGE)","institutionType":"college"},{"eiin":125372,"name":"BETUN BRILAHIRI BARI SCHOOL & COLLEGE","institutionType":"college"},{"eiin":125456,"name":"HARIPUR DURGADAS HIGH SCHOOL AND COLLEGE","institutionType":"college"},{"eiin":125457,"name":"MULGRAM UNION SCHOOL & COLLEGE","institutionType":"college"},{"eiin":125492,"name":"DIGHALIA A.Z. HIGH SCHOOL AND COLLEGE","institutionType":"college"},{"eiin":125506,"name":"BAGHAIL SCHOOL AND COLLEGE","institutionType":"college"},{"eiin":125558,"name":"SARA MAROWARI SCHOOL AND COLLEGE","institutionType":"college"},{"eiin":125673,"name":"DOGACHI HIGH SCHOOL AND COLLEGE","institutionType":"college"},{"eiin":125668,"name":"IMAM GAZZALI GIRLS SCHOOL & COOEGE","institutionType":"college"},{"eiin":125672,"name":"KHATIB ABDUL AHID SCHOOL & COLLEGE","institutionType":"college"},{"eiin":125669,"name":"KHAYER SUTI HIGH SCHOOL & COLLEGE","institutionType":"college"},{"eiin":125593,"name":"NAZRUL ISLAM HABU SCHOOL AND COLLEGE","institutionType":"college"},{"eiin":125670,"name":"PABNA CADET COLLEGE","institutionType":"college"},{"eiin":125671,"name":"SHUDHIR KUMAR HIGH SCHOOL & COLLEGE","institutionType":"college"},{"eiin":125674,"name":"DARAMUDA KHOWAJ UDDIN HIGH SCHOOL AND COLLEGE","institutionType":"college"},{"eiin":125748,"name":"DEBIPUR TEBARIA HIGH  SCHOOL  AND COLLEGE","institutionType":"college"},{"eiin":125749,"name":"FATEMA KHATUN GIRLS HIGH SCHOOL & COLLEGE","institutionType":"college"},{"eiin":125750,"name":"MIAPUR HAZI JASIM UDDIN HIGH SCHOOL AND COLLEGE","institutionType":"college"},{"eiin":125747,"name":"SONDAHA HIGH SCHOOL AND COLLEGE","institutionType":"college"},{"eiin":125795,"name":"BONKOLA  HIGH  SCHOOL  AND  COLLEGE","institutionType":"college"},{"eiin":125755,"name":"CHINAKHARA HIGH SCHOOL AND COLLEGE","institutionType":"college"},{"eiin":125793,"name":"NAZIRGONJ HIGH SCHOOL AND COLLEGE","institutionType":"college"},{"eiin":125797,"name":"RANI NAGAR BIL GAZNA SCHOOL AND COLLEGE","institutionType":"college"},{"eiin":125760,"name":"RANINAGAR SCHOOL AND COLLEGE BHATIKAYA","institutionType":"college"},{"eiin":125798,"name":"SAYEDPUR HIGH SCHOOL & COLLEGE","institutionType":"college"},{"eiin":125765,"name":"SHAHEED ShaRONIKA high SCHOOL & COLLEGE","institutionType":"college"},{"eiin":125794,"name":"TALIMNAGOR SHAHMAHTAB UDDIN SCHOOL & COLLEGE","institutionType":"college"},{"eiin":126265,"name":"DIGHA HIGH SCHOOL AND COLLEGE","institutionType":"college"},{"eiin":126264,"name":"KESHABPUR  HIGH SCHOOL  AND  COLLEGE","institutionType":"college"},{"eiin":126429,"name":"ALOK NAGAR WOMEN'S COLLEGE","institutionType":"college"},{"eiin":126438,"name":"BIRKUTSA ABINASH SCHOOL AND COLLEGE","institutionType":"college"},{"eiin":126437,"name":"KATILA SHOBOJ SHANGO SCHOOL & COLLEGE","institutionType":"college"},{"eiin":126496,"name":"KHADEMUL ISLAM GIRL'S SCHOOL &COLLEGE","institutionType":"college"},{"eiin":126497,"name":"MASJID MISSION ACADEMY SCHOOL & COLLEGE","institutionType":"college"},{"eiin":134185,"name":"PARAMOUNT SCHOOL AND COLLEGE","institutionType":"college"},{"eiin":126456,"name":"RAJSHAHI COLLEGIATE SCHOOL AND COLLEGE","institutionType":"college"},{"eiin":134670,"name":"RAJSHAHI SIKKHA BOARD SCHOOL & COLLEGE","institutionType":"college"},{"eiin":126592,"name":"RAJSHAHI CADET COLLEGE","institutionType":"college"},{"eiin":126667,"name":"KANTHAL BARIA S.A.K SCHOOL & COLLEGE","institutionType":"college"},{"eiin":126768,"name":"CHABBISH NAGAR  HIGH SCHOOL AND COLLEGE","institutionType":"college"},{"eiin":126767,"name":"GODAGARI HIGH SCHOOL AND COLLEGE","institutionType":"college"},{"eiin":126675,"name":"GOGRAM HIGH SCHOOL AND COLLEGE","institutionType":"college"},{"eiin":126769,"name":"GULGOFUR GIRLS' HIGH SCHOOL AND COLLEGE","institutionType":"college"},{"eiin":126765,"name":"LALIT NAGAR HIGH SCHOOLAND COLLEGE","institutionType":"college"},{"eiin":126495,"name":"AGRANI BIDDYALAYA AND MAHABIDDYALAYA","institutionType":"college"},{"eiin":126773,"name":"RAJSHAHI UNIVERSITY SCHOOL","institutionType":"college"},{"eiin":126938,"name":"BARGACHI HIGH SCHOOL AND COLLEGE","institutionType":"college"},{"eiin":126940,"name":"BAYA  HIGHI  SCHOOL  AND COLLEGE","institutionType":"college"},{"eiin":126939,"name":"K.H.  TIKOR  SCHOOL  &  COLLEGE","institutionType":"college"},{"eiin":127022,"name":"SHAHID NADER ALI GIRLS SCHOOL  & COLLEGE","institutionType":"college"},{"eiin":127043,"name":"RAJSHAHI MODEL SCHOOL AND COLLEGE","institutionType":"college"},{"eiin":127042,"name":"SHAHID MAMUN MAHMUD POLICE LINES SCHOOL & COLLEGE","institutionType":"college"},{"eiin":127152,"name":"DARGADANGA HIGH SCHOOL & COLLEGE","institutionType":"college"},{"eiin":127150,"name":"KISMAT BILLI ML. SCHOOL & COLLEGE","institutionType":"college"},{"eiin":127149,"name":"MONDUMALA GIRL'S HIGH SCHOOL AND COLLEGE","institutionType":"college"},{"eiin":128029,"name":"BANIAGATI S.N.ACADEMY SCHOOL & COLLEGE","institutionType":"college"},{"eiin":128079,"name":"D.K.S.K.IDEAL SCHOOL & TECHNICAL COLLEGE","institutionType":"college"},{"eiin":128192,"name":"BARSHI BHANGA B.A.B.M. HIGH SCHOOL & COLLEGE","institutionType":"college"},{"eiin":128282,"name":"PANGASHI LAILA MIZAN SCHOOL & COLLEGE","institutionType":"college"},{"eiin":128364,"name":"CHARNOBIPUR NURJAHAN MOJHAR SCHOOOL & COLLEGE","institutionType":"college"},{"eiin":128301,"name":"KAIZURI HIGH SCHOOL AND COLLEGE","institutionType":"college"},{"eiin":128290,"name":"SHAHJADPUR IBRAHIM PILOT GIRLS SCHOOL & COLLEGE","institutionType":"college"},{"eiin":128299,"name":"STHAL PAKRASHI INSTITUTION SCHOOL AND COLLEGE","institutionType":"college"},{"eiin":128363,"name":"THUTIA HIGH SCHOOL & COLLEGE","institutionType":"college"},{"eiin":128471,"name":"ABDULLAHAL-MAHMUD MEMORIAL SCHOOL & COLLEGE","institutionType":"college"},{"eiin":134208,"name":"SIRAJGANJ COLLECTORATE SCHOOL & COLLEGE","institutionType":"college"},{"eiin":134813,"name":"SIRAJGANJ POLICE LINES SCHOOL AND COLLEGE","institutionType":"college"},{"eiin":128684,"name":"ALIPUR AMDANGA SCHOOL AND COLLEGE","institutionType":"college"},{"eiin":128686,"name":"BAGMARA B.S.HIGH SCHOOL AND COLLEGE","institutionType":"college"},{"eiin":128685,"name":"BARAHAR SCHOOL AND COLLEGE","institutionType":"college"},{"eiin":128683,"name":"HAMIDA PILOT GIRLS SCHOOL & COLLEGE","institutionType":"college"},{"eiin":128682,"name":"KAYRA HIGH SCHOOL & COLLEGE","institutionType":"college"},{"eiin":120131,"name":"DALUA HIGH SCHOOL AND COLLEGE","institutionType":"college"},{"eiin":120130,"name":"NAWPARA SCHOOL AND COLLEGE","institutionType":"college"},{"eiin":120398,"name":"KHOCHNA S.C.SCHOOL & COLLGE","institutionType":"college"},{"eiin":120399,"name":"KUTUB DANGA HIGH SCHOOL & COLLEGE","institutionType":"college"},{"eiin":120830,"name":"COLLEGIATE GIRL'S HIGH SCHOOL& COLLEGE","institutionType":"college"},{"eiin":120727,"name":"GHUGHUDANGA HIGH SCHOOL AND COLLEGE","institutionType":"college"},{"eiin":120829,"name":"NASHIPUR HIGH SCHOOL AND COLLEGE","institutionType":"college"},{"eiin":120831,"name":"RANIGANJ EHIA HOSSAIN SCHOOL & COLLEGE","institutionType":"college"},{"eiin":120454,"name":"PUKHURI  SCHOOL & COLLEGE","institutionType":"college"},{"eiin":120456,"name":"UTTAR LAXSHMIPUR HIGH SCHOOL AND COLLEGE","institutionType":"college"},{"eiin":120540,"name":"KAMORE DWIMUKHI HIGH SCHOOL & COLLEGE","institutionType":"college"},{"eiin":120704,"name":"JAMIR UDDIN SHAH GIRLS HIGH SCHOOL AND COLLEGE","institutionType":"college"},{"eiin":120702,"name":"KACHINIA HIGH SCHOOL & COLLEGE","institutionType":"college"},{"eiin":120705,"name":"SHAPLA GIRLS SCHOOL AND COLLEGE","institutionType":"college"},{"eiin":120947,"name":"BHADURIA SCHOOL AND COLLEGE","institutionType":"college"},{"eiin":120948,"name":"DAUDPUR GIRLS HIGH SCHOOL & COLLEGE","institutionType":"college"},{"eiin":121069,"name":"BARA   PUKURIA   SCHOOL  AND  COLLEGE","institutionType":"college"},{"eiin":121068,"name":"BARNAMALA NIKETON HIGH SCHOOL AND COLLEGE","institutionType":"college"},{"eiin":121067,"name":"BELAICHANDI HIGH SCHOOL AND COLLEGE","institutionType":"college"},{"eiin":121064,"name":"CANTT.PUBLIC SCHOOL & COLLEGE","institutionType":"college"},{"eiin":121065,"name":"RAJABASHOR SCHOOL AND COLLEGE","institutionType":"college"},{"eiin":121070,"name":"UTTAR SALONDAR HIGH SCHOOL AND COLLEGE","institutionType":"college"},{"eiin":121100,"name":"BURAIL HIGH SCHOOL AND COLLEGE","institutionType":"college"},{"eiin":121095,"name":"CHANDIA MOHILA COLLEGE","institutionType":"college"},{"eiin":121190,"name":"AHMED UDDIN SAH NIKATAN SCHOOL AND COLLEGE","institutionType":"college"},{"eiin":121191,"name":"ASADUZZAMAN GIRLS HIGH SCHOOL & COLLEGE","institutionType":"college"},{"eiin":131077,"name":"GAIBANDHA SADAR UPAZILA MODEL SCHOOL AND COLLEGE","institutionType":"college"},{"eiin":121189,"name":"LAKSHMIPUR SCHOOL & COLLEGE","institutionType":"college"},{"eiin":121355,"name":"BURA BURI AZITULLA SARKER HIGH SCHOOL AND COLLEGE","institutionType":"college"},{"eiin":121356,"name":"PIARAPUR I.G.M.SCHOOL & COLLEGE","institutionType":"college"},{"eiin":121357,"name":"SHAHARGACHI MODEL M/L GIRL'S SCHOOL & COLLEGE","institutionType":"college"},{"eiin":121431,"name":"BASUDEBPUR CHANDRA KISHORE HIGH SCHOOL AND COLLEGE","institutionType":"college"},{"eiin":121544,"name":"BHATGRAM HIGH SCHOOL AND COLLEGE","institutionType":"college"},{"eiin":121546,"name":"DHAPERHAT PRIOBALA GIRLS HIGH SCHOOL AND COLLEGE","institutionType":"college"},{"eiin":121547,"name":"DHOL BHANGA HIGH SCHOOL & COLLEGE","institutionType":"college"},{"eiin":121545,"name":"HINGARPARA GIRLS HIGH SCHOOL AND B M COLLEGE","institutionType":"college"},{"eiin":121483,"name":"HINGERPARA HIGH SCHOOL AND B M COLLEGE","institutionType":"college"},{"eiin":132089,"name":"R.A.GANI SCHOOL & COLLEGE","institutionType":"college"},{"eiin":121613,"name":"BONAR PARA GIRLS HIGH SCHOOL AND COLLEGE","institutionType":"college"},{"eiin":121614,"name":"SHAGHATA PILOT GIRLS SCHOOL AND COLLEGE","institutionType":"college"},{"eiin":121765,"name":"BANANDANGA M.M.ALHAZ HOSSAIN MOHAMMAD ERSHAD SCHOOL & COLL","institutionType":"college"},{"eiin":121766,"name":"CHNADIPUR FAZLUL HOQUE SCHOOL AND COLLEGE","institutionType":"college"},{"eiin":121764,"name":"SHIBRAM ALHAZ MD. HOSSAIN  SMRITY SCHOOL & COLLEGE","institutionType":"college"},{"eiin":122126,"name":"BALDIA MULTILETERAL SCHOOL & COLLEGE","institutionType":"college"},{"eiin":122336,"name":"KHALILGANJ HIGH SCHOOL & COLLEGE","institutionType":"college"},{"eiin":122245,"name":"KURIGRAM COLLECTORATE SCHOOL AND COLLEGE","institutionType":"college"},{"eiin":122337,"name":"NILARAM HIGH SCHOOL & COLLEGE","institutionType":"college"},{"eiin":122462,"name":"DAKHEIN BAPARI HAT SCHOOL & COLLEGE","institutionType":"college"},{"eiin":122243,"name":"NAODANGA HIGH SCHOOL AND COLLEGE","institutionType":"college"},{"eiin":122244,"name":"RABAITARI ADARSHAH GIRLS ML HIGH SCHOOL &COLLEGE","institutionType":"college"},{"eiin":122539,"name":"NAZIM KHAN HIGH SCHOOL & COLLEGE","institutionType":"college"},{"eiin":122338,"name":"SINGER DABRI HAT ML HIGH SCHOOL & COLLEGE","institutionType":"college"},{"eiin":122584,"name":"DATBHANGA SCHOOL AND COLLEGE","institutionType":"college"},{"eiin":122558,"name":"KUTIR CHAR SCHOOL AND COLLEGE","institutionType":"college"},{"eiin":130823,"name":"BAGUA ANANTAPUR SCHOOL & COLLEGE","institutionType":"college"},{"eiin":122715,"name":"BOZRA L.K AMIN SCHOOL & COLLEGE","institutionType":"college"},{"eiin":122716,"name":"HAZRAT FATEMA (R) POURAO  GIRLS SCHOOL & COLLEGE","institutionType":"college"},{"eiin":122714,"name":"KRISHNA MANGAL SCHOOL AND COLLEGE","institutionType":"college"},{"eiin":122712,"name":"ULIPUR M.S. SCHOOL & COLLEGE","institutionType":"college"},{"eiin":122772,"name":"ADITMARI KATESWAR BARMAN GIRL'S HIGH SCHOOL AND COLLEGE","institutionType":"college"},{"eiin":122725,"name":"GANDHA MARUA SCHOOL AND COLLEGE","institutionType":"college"},{"eiin":122726,"name":"MAHISHA SHAHAR HIGH SCHOOL AND COLLEGE","institutionType":"college"},{"eiin":122770,"name":"MOHISKHOCHA M.L. HIGH SCHOOL AND COLLEGE","institutionType":"college"},{"eiin":122718,"name":"NAMURI  HIGH SCHOOL AND COLLEGE","institutionType":"college"},{"eiin":122744,"name":"NAMURI ADARSHA MULTILATERAL GIRLS HIGH SCHOOL AND COLLEGE","institutionType":"college"},{"eiin":122775,"name":"PARULIA SCHEDULE CASTE HIGH SCHOOL AND COLLEGE","institutionType":"college"},{"eiin":122895,"name":"CHANDRAPUR HIGH SCHOOL & COLLEGE","institutionType":"college"},{"eiin":122844,"name":"DUHULI S. C. HIGH SCHOOL AND COLLEGE","institutionType":"college"},{"eiin":122866,"name":"KAKINA GIRLS HIGH SCHOOL AND COLLEGE","institutionType":"college"},{"eiin":122843,"name":"SHIAL KHOWA S.C.  SCHOOL AND COLLEGE","institutionType":"college"},{"eiin":124828,"name":"GAYABARI SCHOOL AND COLLEGE","institutionType":"college"},{"eiin":124847,"name":"BAGDOKRA NIMOJKHANA SCHOOL AND COLLAGE","institutionType":"college"},{"eiin":124844,"name":"CHILAHATI GIRLS HIGH SCHOOL AND COLLEGE","institutionType":"college"},{"eiin":124876,"name":"GOSAIGANJ SCHOOL AND COLLEGE","institutionType":"college"},{"eiin":124838,"name":"MATUKPUR SCHOOL AND COLLEGE","institutionType":"college"},{"eiin":124983,"name":"KAIMARI SCHOOL AND COLLEGE","institutionType":"college"},{"eiin":124927,"name":"SHOULMARI GIRLS SCHOOL AND COLLEGE","institutionType":"college"},{"eiin":125056,"name":"BARABHITA SCHOOL & COLLEGE","institutionType":"college"},{"eiin":125057,"name":"RANA CHANDI HIGH SCHOOL AND COLLAEGE","institutionType":"college"},{"eiin":125196,"name":"CHARAIKHOLA SCHOOL & COLLAGE","institutionType":"college"},{"eiin":125195,"name":"COLLETORETORATE SCHOOL  & COLLAGE","institutionType":"college"},{"eiin":125088,"name":"JADUR HAT SCHOOL AND COLLEGE","institutionType":"college"},{"eiin":125060,"name":"SAMIR UDDIN SCHOOL AND COLLEGE","institutionType":"college"},{"eiin":125197,"name":"UTTAR CHOWRA BARAGACHHA SCHOOL & COLLEGE","institutionType":"college"},{"eiin":125248,"name":"CANTONMENT PUBLIC SCHOOL AND COLLEGE SAIDPUR","institutionType":"college"},{"eiin":125242,"name":"GOVT.SAIDPUR INTERMEDIATE TECHNICAL COLLEGE","institutionType":"college"},{"eiin":125247,"name":"HAZARIHAT SCHOOL & COLLEGE","institutionType":"college"},{"eiin":125250,"name":"KAYA GOLAHAT HIGH SCHOOL & COLLEGE","institutionType":"college"},{"eiin":125211,"name":"KHALISHA BELPUKUR  SCHOOL & COLLEGE","institutionType":"college"},{"eiin":125204,"name":"LIONS SCHOOL AND COLLEGE","institutionType":"college"},{"eiin":125252,"name":"SAIDPUR ADARSHA GIRLS SCHOOL & COLLEGE","institutionType":"college"},{"eiin":125201,"name":"SAIDPUR PILOT GIRLS SCHOOL AND COLLEGE","institutionType":"college"},{"eiin":125251,"name":"SUNFLOWAR SCHOOL & COLLEGE","institutionType":"college"},{"eiin":126154,"name":"FUTKIBARI HIGH SCHOOL AND COLLEGE","institutionType":"college"},{"eiin":126153,"name":"DR. ABEDA HAFIZ GIRLS SCHOOL AND COLLEGE","institutionType":"college"},{"eiin":126195,"name":"KAZI SHAHABUDDIN GIRLS HIGH SCHOOL & COLLEGE","institutionType":"college"},{"eiin":127240,"name":"KUTUBPUR BL HIGH SCHOOL AND COLLEGE","institutionType":"college"},{"eiin":127238,"name":"KUTUBPUR ORUNNESA HIGH SCHOOL & COLLEGE","institutionType":"college"},{"eiin":127302,"name":"DHANTALA R  U  HIGH SCHOOL AND COLLEGE","institutionType":"college"},{"eiin":127300,"name":"GAJAGHANTA HIGH SCHOOL AND COLLEGE","institutionType":"college"},{"eiin":127301,"name":"KHALEYA KHAPRI KHAL SCHOOL AND COLLEGE","institutionType":"college"},{"eiin":127361,"name":"TEPA MADUPUR GIRLS HIGH SCHOOL & COLLEGE","institutionType":"college"},{"eiin":127673,"name":"JAIGIR HIGH SCHOOL & COLLEGE","institutionType":"college"},{"eiin":127674,"name":"MIRZAPUR ADARSHA SCHOOL AND COLLEGE","institutionType":"college"},{"eiin":127676,"name":"PADAGONJ HIGH SCHOOL & COLLEGE","institutionType":"college"},{"eiin":127678,"name":"RANIPUKUR HIGH SCHOOL AND COLLEGE","institutionType":"college"},{"eiin":127677,"name":"SHERUDANGA SCHOOL AND COLLEGE","institutionType":"college"},{"eiin":127777,"name":"DEUTY HIGH SCHOOL AND  COLLEGE","institutionType":"college"},{"eiin":127688,"name":"KANDIRHAT SCHOOL AND COLLEGE","institutionType":"college"},{"eiin":127851,"name":"K. J. ISLAM GIRLS SCHOOL AND COLLEGE","institutionType":"college"},{"eiin":132068,"name":"BIAM MODEL SCHOOL AND COLLEGE","institutionType":"college"},{"eiin":127500,"name":"CANTONMENT PUBLIC SCHOOL AND COLLEGE","institutionType":"college"},{"eiin":127510,"name":"CARMICHAEL COLLEGIATE SCHOOL AND COLLEGE","institutionType":"college"},{"eiin":127503,"name":"COLLECTORATE SCHOOL AND COLLEGE","institutionType":"college"},{"eiin":127508,"name":"DARSHANA BASIRON NESSA HIGH SCHOOL  AND COLLAGE","institutionType":"college"},{"eiin":127509,"name":"KERANIRHAT HIGH SCHOOL AND COLLAGE","institutionType":"college"},{"eiin":127504,"name":"LALKUTHI GIRLS' HIGH SCHOOL AND COLLEGE","institutionType":"college"},{"eiin":127496,"name":"LION'S SCHOOL AND COLLEGE","institutionType":"college"},{"eiin":127502,"name":"MAHIGANJ GIRLS HIGH SCHOOL AND COLLEGE","institutionType":"college"},{"eiin":127506,"name":"PAGLAPIR SCHOOL AND COLLAGE","institutionType":"college"},{"eiin":127501,"name":"POLICE LINE SCHOOL AND COLLEGE RANGPUR","institutionType":"college"},{"eiin":127483,"name":"RANGPUR CADET COLLEGE","institutionType":"college"},{"eiin":127497,"name":"RCCI PUBLIC  SCHOOL  AND COLLEGE","institutionType":"college"},{"eiin":131032,"name":"RESIDENTIAL MODEL SCHOOL AND COLLEGE","institutionType":"college"},{"eiin":127505,"name":"ROBERT GONJ GIRLS HIGH SCHOOL AND COLLEGE","institutionType":"college"},{"eiin":127498,"name":"SAMAJ KALAYAN BIDYA BITHI GIRL'S SCHOOL & COLLEGE","institutionType":"college"},{"eiin":127507,"name":"SHYAMPUR GIRLS HIGH SCHOOL AND COLLEGE","institutionType":"college"},{"eiin":131017,"name":"SIDDIQUE MEMORIAL SCHOOL AND COLLEGE","institutionType":"college"},{"eiin":134127,"name":"THE MILLENNIUM STARS SCHOOL & COLLEGE","institutionType":"college"},{"eiin":127375,"name":"UTTAM SCHOOL AND COLLEGE","institutionType":"college"},{"eiin":127367,"name":"ZAHEDA KHATUN GIRLS SCHOOL AND COLLEGE","institutionType":"college"},{"eiin":127979,"name":"DANGIR  HAT SCHHOOL AND COLLEGE","institutionType":"college"},{"eiin":127981,"name":"SAYER KAZI PARA SCHOOL & COLLEGE","institutionType":"college"},{"eiin":127980,"name":"TARAGONJ O.A GIRLS SCHOOL AND COLLEGE","institutionType":"college"},{"eiin":128771,"name":"KALMEGH R. ALI HIGH SCHOOL  AND COLLEGE","institutionType":"college"},{"eiin":128700,"name":"MOROL HAT JANATA SCHOOL AND COLLAGE","institutionType":"college"},{"eiin":128799,"name":"TANGRIA HIGH SCHOOL AND COLLEGE","institutionType":"college"},{"eiin":128976,"name":"GHUGHUA ABDUS SOBHAN SCHOOL AND COLLEGE","institutionType":"college"},{"eiin":128975,"name":"H.K HIGH SCHOOL AND B.M COLLEGE","institutionType":"college"},{"eiin":128977,"name":"PIRGANJ COLLEGIATE SCHOOL & COLLEGE","institutionType":"college"},{"eiin":129413,"name":"GAZIPUR HIGH SCHOOL AND COLLEGE","institutionType":"college"},{"eiin":129415,"name":"HABIGANJ HIGH SCHOOL AND COLLEGE","institutionType":"college"},{"eiin":132021,"name":"KABIR COLLEGIATE ACADEMY","institutionType":"college"},{"eiin":129475,"name":"CHOWMOHANI KHURSHID HIGH SCHOOL & COLLEGE","institutionType":"college"},{"eiin":129526,"name":"AUSHKANDI RASHIDA PUBLIC SCHOOL & COLLEGE","institutionType":"college"},{"eiin":129527,"name":"RAGIB RABEYA HIGH SCHOOL & COLLEGE","institutionType":"college"},{"eiin":129583,"name":"SHAHBAZPUR HIGH SCHOOL & COLLEGE","institutionType":"college"},{"eiin":135720,"name":"BAF SHAHEEN COLLEGE SHAMSHERNAGAR","institutionType":"college"},{"eiin":129688,"name":"BARAMCHAL HIGH SCHOOL AND COLLEGE","institutionType":"college"},{"eiin":129687,"name":"BHATERA  HIGH SCHOOL ADN COLLEGE","institutionType":"college"},{"eiin":129685,"name":"BHUKBHMAIL SECHODARY SCHOOL AND COLLEGE","institutionType":"college"},{"eiin":129686,"name":"CHHAKAPON HIGH SCHOOL AND COLLEGE","institutionType":"college"},{"eiin":129732,"name":"JAGATSHI GOPAL KRISHNA M. SAIFUR RAHMAN SCHOOL & COLLEGE","institutionType":"college"},{"eiin":129738,"name":"TARPSSA HIGH SCHOOL AND COLLEGE","institutionType":"college"},{"eiin":132103,"name":"SREEMONGAL RESIDFENTIAL MODEL  GIRL'S SCHOOL AND COLLEGE","institutionType":"college"},{"eiin":129786,"name":"THE BUDS RESIDENTIAL MODEL SCHOOL AND COLLEGE","institutionType":"college"},{"eiin":129828,"name":"BURAIYA SCHOOL AND COLLEGE","institutionType":"college"},{"eiin":129806,"name":"UTTAR SURMA AZMOT ALI  HIGH SCHOOL AND COLLEGE","institutionType":"college"},{"eiin":129910,"name":"MADHYANAGAR B.P. SCHOOL AND COLLEGE","institutionType":"college"},{"eiin":129933,"name":"BARKHAL M.L. SCHOOL AND COLLEGE","institutionType":"college"},{"eiin":129920,"name":"GHILA CHARA SECONDARY  SCHOOL AND COLLEGE","institutionType":"college"},{"eiin":129934,"name":"SAMUJ ALI HIGH SCHOOL AND COLLEGE","institutionType":"college"},{"eiin":129947,"name":"NAYABANDAR B\\L HIGH SCHOOL AND COLLEGE","institutionType":"college"},{"eiin":129945,"name":"SHAROBPOLLY HIGH SCHOOL AND COLLEGE","institutionType":"college"},{"eiin":129998,"name":"SAWDHERSREE HIGH SCHOOL AND COLLEGE","institutionType":"college"},{"eiin":130144,"name":"DUBAG HIGH SCHOOL & COLLEGE","institutionType":"college"},{"eiin":130199,"name":"AL AZAM HIGH SCHOOL AND COLLEGE","institutionType":"college"},{"eiin":130182,"name":"CHANDBHORANG  HIGH SCHOOL","institutionType":"college"},{"eiin":130221,"name":"BHATRAI HIGH SCHOOL AND COLLEGE","institutionType":"college"},{"eiin":130236,"name":"PARUA  ANWARA  HIGH  SCHOOL  &  COLLEGE","institutionType":"college"},{"eiin":130223,"name":"SHAHEED SMRITY TUKER BAZAR HIGH SCHOOL AND COLLEGE","institutionType":"college"},{"eiin":130501,"name":"ISRAB ALI HIGH SCHOOL AND COLLEGE","institutionType":"college"},{"eiin":130460,"name":"MOHAMMAD MOKaN HIGH SCHOOL & COLLEGE","institutionType":"college"},{"eiin":135342,"name":"STARLIGHT ACADEMY AND COLLEGE","institutionType":"college"},{"eiin":130249,"name":"MAHMUD US SAMAD FARZANA CHOW GIRLS SCHOOL & COLLEGE","institutionType":"college"},{"eiin":130258,"name":"MANIK KONA HIGH SCHOOL & COLLEGE","institutionType":"college"},{"eiin":130305,"name":"AL-EMDAD  SCHOOL & COLLEGE","institutionType":"college"},{"eiin":130303,"name":"DHAKA DAKASHIN GIRLS SCHOOL & COLLEGE","institutionType":"college"},{"eiin":130302,"name":"DHAKA DAKSHIN MULTILATERAL HIGH SCHOOL & COLLEGE","institutionType":"college"},{"eiin":130304,"name":"M.C. ACADEMY (SCHOOL & COLLEGE)","institutionType":"college"},{"eiin":131132,"name":"PARGONA BAZAR HIGH SCHOOL AND COLLEGE","institutionType":"college"},{"eiin":130458,"name":"AMBERKHAN GIRLS HIGH SCHOOL AND COLLEGE","institutionType":"college"},{"eiin":132132,"name":"ANANDA NIKETON SCHOOL AND COLLEGE","institutionType":"college"},{"eiin":130401,"name":"BLUE BIRD HIGH SCHOOL AND COLLEGE","institutionType":"college"},{"eiin":132079,"name":"BRITISH BANGLADESH INTERNATERNL SCHOOL S COLLEGE","institutionType":"college"},{"eiin":134656,"name":"CLASSIC INTERNATIONAL SCHOOL & COLLEGE","institutionType":"college"},{"eiin":130399,"name":"GOVT. AGRAGAMI GIRLS' HIGH SCHOOL & COLLEGE","institutionType":"college"},{"eiin":130459,"name":"JALALABAD CANTONMENT PUBLIC SCHOOL & COLLEGE","institutionType":"college"},{"eiin":132076,"name":"SCHOLARS HOME","institutionType":"college"},{"eiin":134651,"name":"SCHOLARSHOME GIRLS COLLEGE","institutionType":"college"},{"eiin":130462,"name":"SHAHJALAL JIMIA ISLAMIA SCHOOL &COLLEGE","institutionType":"college"},{"eiin":134190,"name":"SHIMANTIK IDEAL SCHOOL & COLLEGE","institutionType":"college"},{"eiin":130430,"name":"SOFIR UDDIN HIGH SCHOOL AND COLLEGE","institutionType":"college"},{"eiin":130454,"name":"SYLHET CADET COLLEGE","institutionType":"college"},{"eiin":134586,"name":"SYLHET IDEAL COLLEGE","institutionType":"college"},{"eiin":132093,"name":"SYLHET INTERNATIONAL SCHOOL AND COLLEGE","institutionType":"college"},{"eiin":132067,"name":"SYLHET MODEL SCHOOL &COLLEGE","institutionType":"college"},{"eiin":131086,"name":"THE SYLHET KHAJANCHIBARI INT SCHOOL AND COLLEGE","institutionType":"college"},{"eiin":132128,"name":"WESTPOINT SCHOOL AND COLLEGE","institutionType":"college"}]